SN,Gender
Lisim78,Male
Lisovynya38,Male
Ithergue48,Male
Chamassasya86,Male
Iskosia90,Male
Yalae81,Male
Itheria73,Male
Iskjaskst81,Male
Undjask33,Male
Chanosian48,Other / Non-Disclosed
Inguron55,Male
Haisrisuir60,Male
Saelaephos52,Male
Assjaskan73,Male
Saesrideu94,Male
Lisassa64,Female
Lisirra25,Male
Zontibe81,Male
Reunasu60,Female
Chamalo71,Male
Iathenudil29,Male
Phiarithdeu40,Male
Siarithria38,Other / Non-Disclosed
Eyrian71,Male
Siala43,Male
Lisirra87,Male
Lirtossa84,Male
Eusri44,Male
Aela59,Male
Tyida79,Male
Idai61,Male
Farusrian86,Male
Aeralria27,Male
Haillyrgue51,Male
Sondim73,Male
Jeyciman68,Male
Idaisuir85,Male
Seuthep89,Male
Reulae52,Female
Sondilsaya62,Male
Aerithriaphos45,Male
Assosia88,Female
Aidaillodeu39,Male
Aelly27,Male
Tyeosri53,Male
Haerith37,Male
Yasrisu92,Male
Chanuchi25,Male
Asur96,Male
Iaralrgue74,Male
Saelaephos52,Male
Chanosia34,Male
Aelin32,Male
Ilosianya35,Male
Zhisrisu83,Male
Phaelap26,Female
Raesty92,Male
Palyon91,Male
Tyisur83,Male
Yaliru88,Male
Yadanu52,Male
Jiskimya77,Male
Yadaphos40,Male
Alo38,Male
Phaena87,Male
Chamirraya83,Male
Chanastsda67,Female
Lisim78,Male
Indonmol95,Male
Jiskossa61,Male
Pheodai94,Male
Hari50,Female
Marilsa69,Female
Assistasda42,Male
Lisosia93,Male
Philodil43,Male
Mindadaran26,Female
Lirtosia63,Male
Haillyrgue51,Male
Assjaskan56,Male
Irithlis29,Male
Heudai45,Female
Haerithp41,Other / Non-Disclosed
Aina42,Male
Jiskjask60,Female
Umolrian85,Female
Qarirwen82,Male
Aelin32,Male
Laedallo55,Male
Eoralrap26,Male
Undosian34,Male
Chadolyla44,Male
Chadistaya75,Female
Yathedeu43,Male
Aina43,Male
Ilassast39,Male
Lisassala98,Male
Aiduecal76,Male
Chadossa89,Male
Haisrisuir60,Male
